year,average_min_distance,crime_count
2010,2.368641061685112,6177
2011,2.439865634941409,7015
2012,2.5055255745226757,6532
2013,2.43824231121108,2981
2014,2.429036603057203,3411
2015,2.4358989892371694,4245
2016,2.473738255165517,5120
2017,2.391618931052631,7786
2018,2.3918210680147656,5687
2019,2.4294088128732088,7129
2020,2.2020454725017395,2492
2021,2.3527163780992493,9745
2022,2.169733275069611,7035
2023,2.273820758078039,9202
