year,average_distance,crime_count
2010,2.713129694813762,6177
2011,2.760297296122407,7015
2012,2.8357548501766847,6532
2013,2.685644123880696,2981
2014,2.731252108440917,3411
2015,2.661203488790034,4245
2016,2.703749775898177,5120
2017,2.72395610209098,7786
2018,2.680475441109129,5687
2019,2.7394299042987393,7129
2020,2.411321190939274,2492
2021,2.63975204844821,9745
2022,2.4674702548078384,7035
2023,2.555912857713699,9202
